{"cameraMode":{"drawMode":0,"name":"Shaded","section":"Shading Mode"},"sceneLighting":true,"audioPlay":false,"sceneViewState":{"showFog":true,"showMaterialUpdate":false,"showSkybox":true,"showFlares":true,"showImageEffects":true,"showParticleSystems":true},"in2DMode":false,"pivot":{"x":1876.673095703125,"y":-936.4741821289063,"z":1126.395751953125},"rotation":{"x":-0.20557871460914613,"y":-0.49795591831207278,"z":0.12282129377126694,"w":-0.833482027053833},"size":2319.7109375,"orthographic":false}