{"cameraMode":{"drawMode":0,"name":"Shaded","section":"Shading Mode"},"sceneLighting":true,"audioPlay":false,"sceneViewState":{"showFog":true,"showMaterialUpdate":false,"showSkybox":true,"showFlares":true,"showImageEffects":true,"showParticleSystems":true},"in2DMode":false,"pivot":{"x":51.38216018676758,"y":-20.635665893554689,"z":88.76760864257813},"rotation":{"x":-0.008324059657752514,"y":0.9914489388465881,"z":-0.0808066576719284,"w":-0.10212790966033936},"size":262.43768310546877,"orthographic":false}